<?xml version="1.0"?>
<Project Version="1" Minor="3" DIGEST="">
	<TOOL_VERSION Version="2018.2"/>
	<MODE Name="Post-Synthesis"/>
	<SYSTEMINFO BOARD="" PART="xczu3eg-sbva484-1-i" ARCH="zynquplus" PACKAGE="sbva484" DEVICE="xczu3eg" SPEED="-1" LUT="70560" FF="141120" BRAM="216" DSP="360"/>
	<HIERARCHY Name="sensors96b_wrapper"/>
	<File Type="HW_HANDOFF" Name="sensors96b.hwh" DESIGN_HIERARCHY="sensors96b_i" BD_TYPE="DEFAULT_BD"/>
	<File Type="BD_TCL" Name="sensors96b_bd.tcl"/>
	<File Type="PS_FSBL_INIT" Name="psu_init.c"/>
	<File Type="PS_FSBL_INIT" Name="psu_init.h"/>
	<File Type="PS_FSBL_INIT_GPL" Name="psu_init_gpl.c"/>
	<File Type="PS_FSBL_INIT_GPL" Name="psu_init_gpl.h"/>
	<File Type="PS_INIT_HELP" Name="psu_init.html"/>
	<File Type="PS_XMD_INIT" Name="psu_init.tcl"/>
	<File Type="PS_PMU_INIT" Name="psu_pmucfg.c"/>
	<File Type="HW_HANDOFF" Name="sensors96b_axi_smc_2.hwh" DESIGN_HIERARCHY="sensors96b_i/axi_smc/inst" BD_TYPE="SCOPED_BD"/>
	<File Type="BD_TCL" Name="sensors96b_axi_smc_2_bd.tcl"/>
	<File Type="BIT" Name="sensors96b_wrapper.bit"/>
	<DRIVERS>
		<DRIVER IP_VLNV="xilinx.com:hls:vadd:1.0">
			<File PATH="drivers/vadd_v1_0/data/vadd.mdd"/>
			<File PATH="drivers/vadd_v1_0/data/vadd.tcl"/>
			<File PATH="drivers/vadd_v1_0/src/Makefile"/>
			<File PATH="drivers/vadd_v1_0/src/xvadd.c"/>
			<File PATH="drivers/vadd_v1_0/src/xvadd.h"/>
			<File PATH="drivers/vadd_v1_0/src/xvadd_hw.h"/>
			<File PATH="drivers/vadd_v1_0/src/xvadd_linux.c"/>
			<File PATH="drivers/vadd_v1_0/src/xvadd_sinit.c"/>
		</DRIVER>
	</DRIVERS>
	<USEDRESOURCES LUT="0" FF="5721" BRAM="1" DSP="24"/>
</Project>

